state,year,month,predicted_usage
Alabama,2022,1,5729.008
Alabama,2022,2,4226.9683
Alabama,2022,3,4506.446
Alabama,2022,4,6723.5376
Alabama,2022,5,7291.496
Alabama,2022,6,2806.2363
Alabama,2022,7,2891.5671
Alabama,2022,8,6411.789
Alabama,2022,9,7424.3447
Alabama,2022,10,4513.463
Alabama,2022,11,5823.4995
Alabama,2022,12,7132.852
Alabama,2023,1,4383.984
Alabama,2023,2,6532.779
Alabama,2023,3,6905.396
Alabama,2023,4,5757.1294
Alabama,2023,5,2760.5496
Alabama,2023,6,4506.446
Alabama,2023,7,6520.8384
Alabama,2023,8,5690.1685
Alabama,2023,9,8156.717
Alabama,2023,10,2633.6035
Alabama,2023,11,4160.3413
Alabama,2023,12,6848.053
Alabama,2024,1,7099.4507
Alabama,2024,2,7099.4507
Alabama,2024,3,6335.725
Alabama,2024,4,6335.725
Alabama,2024,5,6335.725
Alabama,2024,6,6686.5874
Alabama,2024,7,6686.5874
Alabama,2024,8,6686.5874
Alabama,2024,9,6423.583
Alabama,2024,10,6423.583
Alabama,2024,11,6423.583
Alabama,2024,12,7099.4507
Alabama,2025,1,7099.4507
Alabama,2025,2,7099.4507
Alabama,2025,3,6335.725
Alabama,2025,4,6335.725
Alabama,2025,5,6335.725
Alabama,2025,6,6686.5874
Alabama,2025,7,6686.5874
Alabama,2025,8,6686.5874
Alabama,2025,9,6423.583
Alabama,2025,10,6423.583
Alabama,2025,11,6423.583
Alabama,2025,12,7099.4507
Alaska,2022,1,503.64517
Alaska,2022,2,2951.9924
Alaska,2022,3,691.4104
Alaska,2022,4,1111.1981
Alaska,2022,5,1451.954
Alaska,2022,6,824.13434
Alaska,2022,7,1896.9896
Alaska,2022,8,1469.0148
Alaska,2022,9,760.8847
Alaska,2022,10,2056.1267
Alaska,2022,11,3956.8972
Alaska,2022,12,1414.8759
Alaska,2023,1,2554.7036
Alaska,2023,2,600.07666
Alaska,2023,3,3234.2349
Alaska,2023,4,878.24176
Alaska,2023,5,1026.7844
Alaska,2023,6,654.6236
Alaska,2023,7,2823.55
Alaska,2023,8,1516.6482
Alaska,2023,9,1103.7087
Alaska,2023,10,500.7998
Alaska,2023,11,881.68634
Alaska,2023,12,3838.96
Alaska,2024,1,848.90704
Alaska,2024,2,848.90704
Alaska,2024,3,800.12787
Alaska,2024,4,800.12787
Alaska,2024,5,800.12787
Alaska,2024,6,788.3773
Alaska,2024,7,788.3773
Alaska,2024,8,788.3773
Alaska,2024,9,798.2313
Alaska,2024,10,798.2313
Alaska,2024,11,798.2313
Alaska,2024,12,848.90704
Alaska,2025,1,848.90704
Alaska,2025,2,848.90704
Alaska,2025,3,800.12787
Alaska,2025,4,800.12787
Alaska,2025,5,800.12787
Alaska,2025,6,788.3773
Alaska,2025,7,788.3773
Alaska,2025,8,788.3773
Alaska,2025,9,798.2313
Alaska,2025,10,798.2313
Alaska,2025,11,798.2313
Alaska,2025,12,848.90704
Arizona,2022,1,5729.008
Arizona,2022,2,4226.9683
Arizona,2022,3,4506.446
Arizona,2022,4,6723.5376
Arizona,2022,5,7291.496
Arizona,2022,6,2806.2363
Arizona,2022,7,2891.5671
Arizona,2022,8,6411.789
Arizona,2022,9,7424.3447
Arizona,2022,10,4513.463
Arizona,2022,11,5823.4995
Arizona,2022,12,7132.852
Arizona,2023,1,4383.984
Arizona,2023,2,6532.779
Arizona,2023,3,6905.396
Arizona,2023,4,5757.1294
Arizona,2023,5,2760.5496
Arizona,2023,6,4506.446
Arizona,2023,7,6520.8384
Arizona,2023,8,5690.1685
Arizona,2023,9,8156.717
Arizona,2023,10,2633.6035
Arizona,2023,11,4160.3413
Arizona,2023,12,6848.053
Arizona,2024,1,5702.1587
Arizona,2024,2,5702.1587
Arizona,2024,3,4894.1694
Arizona,2024,4,4894.1694
Arizona,2024,5,4894.1694
Arizona,2024,6,5169.624
Arizona,2024,7,5169.624
Arizona,2024,8,5169.624
Arizona,2024,9,4834.399
Arizona,2024,10,4834.399
Arizona,2024,11,4834.399
Arizona,2024,12,5702.1587
Arizona,2025,1,5702.1587
Arizona,2025,2,5702.1587
Arizona,2025,3,4894.1694
Arizona,2025,4,4894.1694
Arizona,2025,5,4894.1694
Arizona,2025,6,5169.624
Arizona,2025,7,5169.624
Arizona,2025,8,5169.624
Arizona,2025,9,4834.399
Arizona,2025,10,4834.399
Arizona,2025,11,4834.399
Arizona,2025,12,5702.1587
Arkansas,2022,1,8880.143
Arkansas,2022,2,8854.102
Arkansas,2022,3,13055.244
Arkansas,2022,4,29587.8
Arkansas,2022,5,11880.007
Arkansas,2022,6,10673.079
Arkansas,2022,7,13140.206
Arkansas,2022,8,10790.751
Arkansas,2022,9,12519.969
Arkansas,2022,10,4796.762
Arkansas,2022,11,8586.604
Arkansas,2022,12,6840.371
Arkansas,2023,1,6624.287
Arkansas,2023,2,20101.229
Arkansas,2023,3,17258.945
Arkansas,2023,4,5051.4453
Arkansas,2023,5,12625.709
Arkansas,2023,6,8832.487
Arkansas,2023,7,29375.102
Arkansas,2023,8,9236.155
Arkansas,2023,9,6800.421
Arkansas,2023,10,4796.762
Arkansas,2023,11,8848.788
Arkansas,2023,12,6840.371
Arkansas,2024,1,4761.31
Arkansas,2024,2,4761.31
Arkansas,2024,3,4160.718
Arkansas,2024,4,4160.718
Arkansas,2024,5,4160.718
Arkansas,2024,6,5089.5776
Arkansas,2024,7,5089.5776
Arkansas,2024,8,5089.5776
Arkansas,2024,9,4123.631
Arkansas,2024,10,4123.631
Arkansas,2024,11,4123.631
Arkansas,2024,12,4761.31
Arkansas,2025,1,4761.31
Arkansas,2025,2,4761.31
Arkansas,2025,3,4160.718
Arkansas,2025,4,4160.718
Arkansas,2025,5,4160.718
Arkansas,2025,6,5089.5776
Arkansas,2025,7,5089.5776
Arkansas,2025,8,5089.5776
Arkansas,2025,9,4123.631
Arkansas,2025,10,4123.631
Arkansas,2025,11,4123.631
Arkansas,2025,12,4761.31
California,2022,1,8880.143
California,2022,2,8854.102
California,2022,3,13055.244
California,2022,4,29587.8
California,2022,5,11880.007
California,2022,6,10673.079
California,2022,7,13140.206
California,2022,8,10790.751
California,2022,9,12519.969
California,2022,10,4796.762
California,2022,11,8586.604
California,2022,12,6840.371
California,2023,1,6624.287
California,2023,2,20101.229
California,2023,3,17258.945
California,2023,4,5051.4453
California,2023,5,12625.709
California,2023,6,8832.487
California,2023,7,29375.102
California,2023,8,9236.155
California,2023,9,6800.421
California,2023,10,4796.762
California,2023,11,8848.788
California,2023,12,6840.371
California,2024,1,8629.278
California,2024,2,8629.278
California,2024,3,8168.7344
California,2024,4,8168.7344
California,2024,5,8168.7344
California,2024,6,9127.354
California,2024,7,9127.354
California,2024,8,9127.354
California,2024,9,8066.634
California,2024,10,8066.634
California,2024,11,8066.634
California,2024,12,8629.278
California,2025,1,8629.278
California,2025,2,8629.278
California,2025,3,8168.7344
California,2025,4,8168.7344
California,2025,5,8168.7344
California,2025,6,9127.354
California,2025,7,9127.354
California,2025,8,9127.354
California,2025,9,8066.634
California,2025,10,8066.634
California,2025,11,8066.634
California,2025,12,8629.278
Colorado,2022,1,5729.008
Colorado,2022,2,4226.9683
Colorado,2022,3,4506.446
Colorado,2022,4,6723.5376
Colorado,2022,5,7291.496
Colorado,2022,6,2806.2363
Colorado,2022,7,2891.5671
Colorado,2022,8,6411.789
Colorado,2022,9,7424.3447
Colorado,2022,10,4513.463
Colorado,2022,11,5823.4995
Colorado,2022,12,7132.852
Colorado,2023,1,4383.984
Colorado,2023,2,6532.779
Colorado,2023,3,6905.396
Colorado,2023,4,5757.1294
Colorado,2023,5,2760.5496
Colorado,2023,6,4506.446
Colorado,2023,7,6520.8384
Colorado,2023,8,5690.1685
Colorado,2023,9,8156.717
Colorado,2023,10,2633.6035
Colorado,2023,11,4160.3413
Colorado,2023,12,6848.053
Colorado,2024,1,5896.5063
Colorado,2024,2,5896.5063
Colorado,2024,3,5528.2114
Colorado,2024,4,5528.2114
Colorado,2024,5,5528.2114
Colorado,2024,6,5667.445
Colorado,2024,7,5667.445
Colorado,2024,8,5667.445
Colorado,2024,9,5515.6953
Colorado,2024,10,5515.6953
Colorado,2024,11,5515.6953
Colorado,2024,12,5896.5063
Colorado,2025,1,5896.5063
Colorado,2025,2,5896.5063
Colorado,2025,3,5528.2114
Colorado,2025,4,5528.2114
Colorado,2025,5,5528.2114
Colorado,2025,6,5667.445
Colorado,2025,7,5667.445
Colorado,2025,8,5667.445
Colorado,2025,9,5515.6953
Colorado,2025,10,5515.6953
Colorado,2025,11,5515.6953
Colorado,2025,12,5896.5063
Connecticut,2022,1,503.64517
Connecticut,2022,2,2951.9924
Connecticut,2022,3,691.4104
Connecticut,2022,4,1111.1981
Connecticut,2022,5,1451.954
Connecticut,2022,6,824.13434
Connecticut,2022,7,1896.9896
Connecticut,2022,8,1469.0148
Connecticut,2022,9,760.8847
Connecticut,2022,10,2056.1267
Connecticut,2022,11,3956.8972
Connecticut,2022,12,1414.8759
Connecticut,2023,1,2554.7036
Connecticut,2023,2,600.07666
Connecticut,2023,3,3234.2349
Connecticut,2023,4,878.24176
Connecticut,2023,5,1026.7844
Connecticut,2023,6,654.6236
Connecticut,2023,7,2823.55
Connecticut,2023,8,1516.6482
Connecticut,2023,9,1103.7087
Connecticut,2023,10,500.7998
Connecticut,2023,11,881.68634
Connecticut,2023,12,3838.96
Connecticut,2024,1,3800.0989
Connecticut,2024,2,3800.0989
Connecticut,2024,3,3459.576
Connecticut,2024,4,3459.576
Connecticut,2024,5,3459.576
Connecticut,2024,6,3558.2417
Connecticut,2024,7,3558.2417
Connecticut,2024,8,3558.2417
Connecticut,2024,9,3538.8992
Connecticut,2024,10,3538.8992
Connecticut,2024,11,3538.8992
Connecticut,2024,12,3800.0989
Connecticut,2025,1,3800.0989
Connecticut,2025,2,3800.0989
Connecticut,2025,3,3459.576
Connecticut,2025,4,3459.576
Connecticut,2025,5,3459.576
Connecticut,2025,6,3558.2417
Connecticut,2025,7,3558.2417
Connecticut,2025,8,3558.2417
Connecticut,2025,9,3538.8992
Connecticut,2025,10,3538.8992
Connecticut,2025,11,3538.8992
Connecticut,2025,12,3800.0989
Delaware,2022,1,8880.143
Delaware,2022,2,8854.102
Delaware,2022,3,13055.244
Delaware,2022,4,29587.8
Delaware,2022,5,11880.007
Delaware,2022,6,10673.079
Delaware,2022,7,13140.206
Delaware,2022,8,10790.751
Delaware,2022,9,12519.969
Delaware,2022,10,4796.762
Delaware,2022,11,8586.604
Delaware,2022,12,6840.371
Delaware,2023,1,6624.287
Delaware,2023,2,20101.229
Delaware,2023,3,17258.945
Delaware,2023,4,5051.4453
Delaware,2023,5,12625.709
Delaware,2023,6,8832.487
Delaware,2023,7,29375.102
Delaware,2023,8,9236.155
Delaware,2023,9,6800.421
Delaware,2023,10,4796.762
Delaware,2023,11,8848.788
Delaware,2023,12,6840.371
Delaware,2024,1,5710.4316
Delaware,2024,2,5710.4316
Delaware,2024,3,5207.702
Delaware,2024,4,5207.702
Delaware,2024,5,5207.702
Delaware,2024,6,5444.903
Delaware,2024,7,5444.903
Delaware,2024,8,5444.903
Delaware,2024,9,5140.3965
Delaware,2024,10,5140.3965
Delaware,2024,11,5140.3965
Delaware,2024,12,5710.4316
Delaware,2025,1,5710.4316
Delaware,2025,2,5710.4316
Delaware,2025,3,5207.702
Delaware,2025,4,5207.702
Delaware,2025,5,5207.702
Delaware,2025,6,5444.903
Delaware,2025,7,5444.903
Delaware,2025,8,5444.903
Delaware,2025,9,5140.3965
Delaware,2025,10,5140.3965
Delaware,2025,11,5140.3965
Delaware,2025,12,5710.4316
Florida,2022,1,503.64517
Florida,2022,2,2951.9924
Florida,2022,3,691.4104
Florida,2022,4,1111.1981
Florida,2022,5,1451.954
Florida,2022,6,824.13434
Florida,2022,7,1896.9896
Florida,2022,8,1469.0148
Florida,2022,9,760.8847
Florida,2022,10,2056.1267
Florida,2022,11,3956.8972
Florida,2022,12,1414.8759
Florida,2023,1,2554.7036
Florida,2023,2,600.07666
Florida,2023,3,3234.2349
Florida,2023,4,878.24176
Florida,2023,5,1026.7844
Florida,2023,6,654.6236
Florida,2023,7,2823.55
Florida,2023,8,1516.6482
Florida,2023,9,1103.7087
Florida,2023,10,500.7998
Florida,2023,11,881.68634
Florida,2023,12,3838.96
Florida,2024,1,1001.52625
Florida,2024,2,1001.52625
Florida,2024,3,912.68164
Florida,2024,4,912.68164
Florida,2024,5,912.68164
Florida,2024,6,980.1807
Florida,2024,7,980.1807
Florida,2024,8,980.1807
Florida,2024,9,912.68164
Florida,2024,10,912.68164
Florida,2024,11,912.68164
Florida,2024,12,1001.52625
Florida,2025,1,1001.52625
Florida,2025,2,1001.52625
Florida,2025,3,912.68164
Florida,2025,4,912.68164
Florida,2025,5,912.68164
Florida,2025,6,980.1807
Florida,2025,7,980.1807
Florida,2025,8,980.1807
Florida,2025,9,912.68164
Florida,2025,10,912.68164
Florida,2025,11,912.68164
Florida,2025,12,1001.52625
Georgia,2022,1,503.64517
Georgia,2022,2,2951.9924
Georgia,2022,3,691.4104
Georgia,2022,4,1111.1981
Georgia,2022,5,1451.954
Georgia,2022,6,824.13434
Georgia,2022,7,1896.9896
Georgia,2022,8,1469.0148
Georgia,2022,9,760.8847
Georgia,2022,10,2056.1267
Georgia,2022,11,3956.8972
Georgia,2022,12,1414.8759
Georgia,2023,1,2554.7036
Georgia,2023,2,600.07666
Georgia,2023,3,3234.2349
Georgia,2023,4,878.24176
Georgia,2023,5,1026.7844
Georgia,2023,6,654.6236
Georgia,2023,7,2823.55
Georgia,2023,8,1516.6482
Georgia,2023,9,1103.7087
Georgia,2023,10,500.7998
Georgia,2023,11,881.68634
Georgia,2023,12,3838.96
Georgia,2024,1,2379.617
Georgia,2024,2,2379.617
Georgia,2024,3,2242.1245
Georgia,2024,4,2242.1245
Georgia,2024,5,2242.1245
Georgia,2024,6,2419.4736
Georgia,2024,7,2419.4736
Georgia,2024,8,2419.4736
Georgia,2024,9,2237.0056
Georgia,2024,10,2237.0056
Georgia,2024,11,2237.0056
Georgia,2024,12,2379.617
Georgia,2025,1,2379.617
Georgia,2025,2,2379.617
Georgia,2025,3,2242.1245
Georgia,2025,4,2242.1245
Georgia,2025,5,2242.1245
Georgia,2025,6,2419.4736
Georgia,2025,7,2419.4736
Georgia,2025,8,2419.4736
Georgia,2025,9,2237.0056
Georgia,2025,10,2237.0056
Georgia,2025,11,2237.0056
Georgia,2025,12,2379.617
Hawaii,2022,1,5729.008
Hawaii,2022,2,4226.9683
Hawaii,2022,3,4506.446
Hawaii,2022,4,6723.5376
Hawaii,2022,5,7291.496
Hawaii,2022,6,2806.2363
Hawaii,2022,7,2891.5671
Hawaii,2022,8,6411.789
Hawaii,2022,9,7424.3447
Hawaii,2022,10,4513.463
Hawaii,2022,11,5823.4995
Hawaii,2022,12,7132.852
Hawaii,2023,1,4383.984
Hawaii,2023,2,6532.779
Hawaii,2023,3,6905.396
Hawaii,2023,4,5757.1294
Hawaii,2023,5,2760.5496
Hawaii,2023,6,4506.446
Hawaii,2023,7,6520.8384
Hawaii,2023,8,5690.1685
Hawaii,2023,9,8156.717
Hawaii,2023,10,2633.6035
Hawaii,2023,11,4160.3413
Hawaii,2023,12,6848.053
Hawaii,2024,1,3055.1528
Hawaii,2024,2,3055.1528
Hawaii,2024,3,2846.527
Hawaii,2024,4,2846.527
Hawaii,2024,5,2846.527
Hawaii,2024,6,3005.4292
Hawaii,2024,7,3005.4292
Hawaii,2024,8,3005.4292
Hawaii,2024,9,2821.094
Hawaii,2024,10,2821.094
Hawaii,2024,11,2821.094
Hawaii,2024,12,3055.1528
Hawaii,2025,1,3055.1528
Hawaii,2025,2,3055.1528
Hawaii,2025,3,2846.527
Hawaii,2025,4,2846.527
Hawaii,2025,5,2846.527
Hawaii,2025,6,3005.4292
Hawaii,2025,7,3005.4292
Hawaii,2025,8,3005.4292
Hawaii,2025,9,2821.094
Hawaii,2025,10,2821.094
Hawaii,2025,11,2821.094
Hawaii,2025,12,3055.1528
Idaho,2022,1,503.64517
Idaho,2022,2,2951.9924
Idaho,2022,3,691.4104
Idaho,2022,4,1111.1981
Idaho,2022,5,1451.954
Idaho,2022,6,824.13434
Idaho,2022,7,1896.9896
Idaho,2022,8,1469.0148
Idaho,2022,9,760.8847
Idaho,2022,10,2056.1267
Idaho,2022,11,3956.8972
Idaho,2022,12,1414.8759
Idaho,2023,1,2554.7036
Idaho,2023,2,600.07666
Idaho,2023,3,3234.2349
Idaho,2023,4,878.24176
Idaho,2023,5,1026.7844
Idaho,2023,6,654.6236
Idaho,2023,7,2823.55
Idaho,2023,8,1516.6482
Idaho,2023,9,1103.7087
Idaho,2023,10,500.7998
Idaho,2023,11,881.68634
Idaho,2023,12,3838.96
Idaho,2024,1,841.454
Idaho,2024,2,841.454
Idaho,2024,3,757.4644
Idaho,2024,4,757.4644
Idaho,2024,5,757.4644
Idaho,2024,6,758.45245
Idaho,2024,7,758.45245
Idaho,2024,8,758.45245
Idaho,2024,9,757.488
Idaho,2024,10,757.488
Idaho,2024,11,757.488
Idaho,2024,12,841.454
Idaho,2025,1,841.454
Idaho,2025,2,841.454
Idaho,2025,3,757.4644
Idaho,2025,4,757.4644
Idaho,2025,5,757.4644
Idaho,2025,6,758.45245
Idaho,2025,7,758.45245
Idaho,2025,8,758.45245
Idaho,2025,9,757.488
Idaho,2025,10,757.488
Idaho,2025,11,757.488
Idaho,2025,12,841.454
Illinois,2022,1,5729.008
Illinois,2022,2,4226.9683
Illinois,2022,3,4506.446
Illinois,2022,4,6723.5376
Illinois,2022,5,7291.496
Illinois,2022,6,2806.2363
Illinois,2022,7,2891.5671
Illinois,2022,8,6411.789
Illinois,2022,9,7424.3447
Illinois,2022,10,4513.463
Illinois,2022,11,5823.4995
Illinois,2022,12,7132.852
Illinois,2023,1,4383.984
Illinois,2023,2,6532.779
Illinois,2023,3,6905.396
Illinois,2023,4,5757.1294
Illinois,2023,5,2760.5496
Illinois,2023,6,4506.446
Illinois,2023,7,6520.8384
Illinois,2023,8,5690.1685
Illinois,2023,9,8156.717
Illinois,2023,10,2633.6035
Illinois,2023,11,4160.3413
Illinois,2023,12,6848.053
Illinois,2024,1,6337.849
Illinois,2024,2,6337.849
Illinois,2024,3,5885.331
Illinois,2024,4,5885.331
Illinois,2024,5,5885.331
Illinois,2024,6,6188.6562
Illinois,2024,7,6188.6562
Illinois,2024,8,6188.6562
Illinois,2024,9,5809.3936
Illinois,2024,10,5809.3936
Illinois,2024,11,5809.3936
Illinois,2024,12,6337.849
Illinois,2025,1,6337.849
Illinois,2025,2,6337.849
Illinois,2025,3,5885.331
Illinois,2025,4,5885.331
Illinois,2025,5,5885.331
Illinois,2025,6,6188.6562
Illinois,2025,7,6188.6562
Illinois,2025,8,6188.6562
Illinois,2025,9,5809.3936
Illinois,2025,10,5809.3936
Illinois,2025,11,5809.3936
Illinois,2025,12,6337.849
Indiana,2022,1,503.64517
Indiana,2022,2,2951.9924
Indiana,2022,3,691.4104
Indiana,2022,4,1111.1981
Indiana,2022,5,1451.954
Indiana,2022,6,824.13434
Indiana,2022,7,1896.9896
Indiana,2022,8,1469.0148
Indiana,2022,9,760.8847
Indiana,2022,10,2056.1267
Indiana,2022,11,3956.8972
Indiana,2022,12,1414.8759
Indiana,2023,1,2554.7036
Indiana,2023,2,600.07666
Indiana,2023,3,3234.2349
Indiana,2023,4,878.24176
Indiana,2023,5,1026.7844
Indiana,2023,6,654.6236
Indiana,2023,7,2823.55
Indiana,2023,8,1516.6482
Indiana,2023,9,1103.7087
Indiana,2023,10,500.7998
Indiana,2023,11,881.68634
Indiana,2023,12,3838.96
Indiana,2024,1,1909.7273
Indiana,2024,2,1909.7273
Indiana,2024,3,1805.3718
Indiana,2024,4,1805.3718
Indiana,2024,5,1805.3718
Indiana,2024,6,1800.2129
Indiana,2024,7,1800.2129
Indiana,2024,8,1800.2129
Indiana,2024,9,1809.9888
Indiana,2024,10,1809.9888
Indiana,2024,11,1809.9888
Indiana,2024,12,1909.7273
Indiana,2025,1,1909.7273
Indiana,2025,2,1909.7273
Indiana,2025,3,1805.3718
Indiana,2025,4,1805.3718
Indiana,2025,5,1805.3718
Indiana,2025,6,1800.2129
Indiana,2025,7,1800.2129
Indiana,2025,8,1800.2129
Indiana,2025,9,1809.9888
Indiana,2025,10,1809.9888
Indiana,2025,11,1809.9888
Indiana,2025,12,1909.7273
Iowa,2022,1,8880.143
Iowa,2022,2,8854.102
Iowa,2022,3,13055.244
Iowa,2022,4,29587.8
Iowa,2022,5,11880.007
Iowa,2022,6,10673.079
Iowa,2022,7,13140.206
Iowa,2022,8,10790.751
Iowa,2022,9,12519.969
Iowa,2022,10,4796.762
Iowa,2022,11,8586.604
Iowa,2022,12,6840.371
Iowa,2023,1,6624.287
Iowa,2023,2,20101.229
Iowa,2023,3,17258.945
Iowa,2023,4,5051.4453
Iowa,2023,5,12625.709
Iowa,2023,6,8832.487
Iowa,2023,7,29375.102
Iowa,2023,8,9236.155
Iowa,2023,9,6800.421
Iowa,2023,10,4796.762
Iowa,2023,11,8848.788
Iowa,2023,12,6840.371
Iowa,2024,1,11743.851
Iowa,2024,2,11743.851
Iowa,2024,3,10910.176
Iowa,2024,4,10910.176
Iowa,2024,5,10910.176
Iowa,2024,6,12329.791
Iowa,2024,7,12329.791
Iowa,2024,8,12329.791
Iowa,2024,9,10903.062
Iowa,2024,10,10903.062
Iowa,2024,11,10903.062
Iowa,2024,12,11743.851
Iowa,2025,1,11743.851
Iowa,2025,2,11743.851
Iowa,2025,3,10910.176
Iowa,2025,4,10910.176
Iowa,2025,5,10910.176
Iowa,2025,6,12329.791
Iowa,2025,7,12329.791
Iowa,2025,8,12329.791
Iowa,2025,9,10903.062
Iowa,2025,10,10903.062
Iowa,2025,11,10903.062
Iowa,2025,12,11743.851
Kansas,2022,1,8880.143
Kansas,2022,2,8854.102
Kansas,2022,3,13055.244
Kansas,2022,4,29587.8
Kansas,2022,5,11880.007
Kansas,2022,6,10673.079
Kansas,2022,7,13140.206
Kansas,2022,8,10790.751
Kansas,2022,9,12519.969
Kansas,2022,10,4796.762
Kansas,2022,11,8586.604
Kansas,2022,12,6840.371
Kansas,2023,1,6624.287
Kansas,2023,2,20101.229
Kansas,2023,3,17258.945
Kansas,2023,4,5051.4453
Kansas,2023,5,12625.709
Kansas,2023,6,8832.487
Kansas,2023,7,29375.102
Kansas,2023,8,9236.155
Kansas,2023,9,6800.421
Kansas,2023,10,4796.762
Kansas,2023,11,8848.788
Kansas,2023,12,6840.371
Kansas,2024,1,9424.318
Kansas,2024,2,9424.318
Kansas,2024,3,8648.243
Kansas,2024,4,8648.243
Kansas,2024,5,8648.243
Kansas,2024,6,9328.566
Kansas,2024,7,9328.566
Kansas,2024,8,9328.566
Kansas,2024,9,8669.067
Kansas,2024,10,8669.067
Kansas,2024,11,8669.067
Kansas,2024,12,9424.318
Kansas,2025,1,9424.318
Kansas,2025,2,9424.318
Kansas,2025,3,8648.243
Kansas,2025,4,8648.243
Kansas,2025,5,8648.243
Kansas,2025,6,9328.566
Kansas,2025,7,9328.566
Kansas,2025,8,9328.566
Kansas,2025,9,8669.067
Kansas,2025,10,8669.067
Kansas,2025,11,8669.067
Kansas,2025,12,9424.318
Kentucky,2022,1,503.64517
Kentucky,2022,2,2951.9924
Kentucky,2022,3,691.4104
Kentucky,2022,4,1111.1981
Kentucky,2022,5,1451.954
Kentucky,2022,6,824.13434
Kentucky,2022,7,1896.9896
Kentucky,2022,8,1469.0148
Kentucky,2022,9,760.8847
Kentucky,2022,10,2056.1267
Kentucky,2022,11,3956.8972
Kentucky,2022,12,1414.8759
Kentucky,2023,1,2554.7036
Kentucky,2023,2,600.07666
Kentucky,2023,3,3234.2349
Kentucky,2023,4,878.24176
Kentucky,2023,5,1026.7844
Kentucky,2023,6,654.6236
Kentucky,2023,7,2823.55
Kentucky,2023,8,1516.6482
Kentucky,2023,9,1103.7087
Kentucky,2023,10,500.7998
Kentucky,2023,11,881.68634
Kentucky,2023,12,3838.96
Kentucky,2024,1,1378.0822
Kentucky,2024,2,1378.0822
Kentucky,2024,3,1289.7435
Kentucky,2024,4,1289.7435
Kentucky,2024,5,1289.7435
Kentucky,2024,6,1243.7513
Kentucky,2024,7,1243.7513
Kentucky,2024,8,1243.7513
Kentucky,2024,9,1289.7435
Kentucky,2024,10,1289.7435
Kentucky,2024,11,1289.7435
Kentucky,2024,12,1378.0822
Kentucky,2025,1,1341.0449
Kentucky,2025,2,1341.0449
Kentucky,2025,3,1252.7063
Kentucky,2025,4,1252.7063
Kentucky,2025,5,1252.7063
Kentucky,2025,6,1199.6621
Kentucky,2025,7,1199.6621
Kentucky,2025,8,1199.6621
Kentucky,2025,9,1252.7063
Kentucky,2025,10,1252.7063
Kentucky,2025,11,1252.7063
Kentucky,2025,12,1341.0449
Louisiana,2022,1,8880.143
Louisiana,2022,2,8854.102
Louisiana,2022,3,13055.244
Louisiana,2022,4,29587.8
Louisiana,2022,5,11880.007
Louisiana,2022,6,10673.079
Louisiana,2022,7,13140.206
Louisiana,2022,8,10790.751
Louisiana,2022,9,12519.969
Louisiana,2022,10,4796.762
Louisiana,2022,11,8586.604
Louisiana,2022,12,6840.371
Louisiana,2023,1,6624.287
Louisiana,2023,2,20101.229
Louisiana,2023,3,17258.945
Louisiana,2023,4,5051.4453
Louisiana,2023,5,12625.709
Louisiana,2023,6,8832.487
Louisiana,2023,7,29375.102
Louisiana,2023,8,9236.155
Louisiana,2023,9,6800.421
Louisiana,2023,10,4796.762
Louisiana,2023,11,8848.788
Louisiana,2023,12,6840.371
Louisiana,2024,1,12681.569
Louisiana,2024,2,12681.569
Louisiana,2024,3,11635.803
Louisiana,2024,4,11635.803
Louisiana,2024,5,11635.803
Louisiana,2024,6,12448.62
Louisiana,2024,7,12448.62
Louisiana,2024,8,12448.62
Louisiana,2024,9,11519.248
Louisiana,2024,10,11519.248
Louisiana,2024,11,11519.248
Louisiana,2024,12,12681.569
Louisiana,2025,1,12681.569
Louisiana,2025,2,12681.569
Louisiana,2025,3,11635.803
Louisiana,2025,4,11635.803
Louisiana,2025,5,11635.803
Louisiana,2025,6,12448.62
Louisiana,2025,7,12448.62
Louisiana,2025,8,12448.62
Louisiana,2025,9,11519.248
Louisiana,2025,10,11519.248
Louisiana,2025,11,11519.248
Louisiana,2025,12,12681.569
Maine,2022,1,5729.008
Maine,2022,2,4226.9683
Maine,2022,3,4506.446
Maine,2022,4,6723.5376
Maine,2022,5,7291.496
Maine,2022,6,2806.2363
Maine,2022,7,2891.5671
Maine,2022,8,6411.789
Maine,2022,9,7424.3447
Maine,2022,10,4513.463
Maine,2022,11,5823.4995
Maine,2022,12,7132.852
Maine,2023,1,4383.984
Maine,2023,2,6532.779
Maine,2023,3,6905.396
Maine,2023,4,5757.1294
Maine,2023,5,2760.5496
Maine,2023,6,4506.446
Maine,2023,7,6520.8384
Maine,2023,8,5690.1685
Maine,2023,9,8156.717
Maine,2023,10,2633.6035
Maine,2023,11,4160.3413
Maine,2023,12,6848.053
Maine,2024,1,5109.748
Maine,2024,2,5109.748
Maine,2024,3,4498.695
Maine,2024,4,4498.695
Maine,2024,5,4498.695
Maine,2024,6,4688.086
Maine,2024,7,4688.086
Maine,2024,8,4688.086
Maine,2024,9,4524.6426
Maine,2024,10,4524.6426
Maine,2024,11,4524.6426
Maine,2024,12,5109.748
Maine,2025,1,5109.748
Maine,2025,2,5109.748
Maine,2025,3,4498.695
Maine,2025,4,4498.695
Maine,2025,5,4498.695
Maine,2025,6,4688.086
Maine,2025,7,4688.086
Maine,2025,8,4688.086
Maine,2025,9,4524.6426
Maine,2025,10,4524.6426
Maine,2025,11,4524.6426
Maine,2025,12,5109.748
Maryland,2022,1,5729.008
Maryland,2022,2,4226.9683
Maryland,2022,3,4506.446
Maryland,2022,4,6723.5376
Maryland,2022,5,7291.496
Maryland,2022,6,2806.2363
Maryland,2022,7,2891.5671
Maryland,2022,8,6411.789
Maryland,2022,9,7424.3447
Maryland,2022,10,4513.463
Maryland,2022,11,5823.4995
Maryland,2022,12,7132.852
Maryland,2023,1,4383.984
Maryland,2023,2,6532.779
Maryland,2023,3,6905.396
Maryland,2023,4,5757.1294
Maryland,2023,5,2760.5496
Maryland,2023,6,4506.446
Maryland,2023,7,6520.8384
Maryland,2023,8,5690.1685
Maryland,2023,9,8156.717
Maryland,2023,10,2633.6035
Maryland,2023,11,4160.3413
Maryland,2023,12,6848.053
Maryland,2024,1,4629.857
Maryland,2024,2,4629.857
Maryland,2024,3,4084.9473
Maryland,2024,4,4084.9473
Maryland,2024,5,4084.9473
Maryland,2024,6,4345.3433
Maryland,2024,7,4345.3433
Maryland,2024,8,4345.3433
Maryland,2024,9,4079.114
Maryland,2024,10,4079.114
Maryland,2024,11,4079.114
Maryland,2024,12,4629.857
Maryland,2025,1,4629.857
Maryland,2025,2,4629.857
Maryland,2025,3,4084.9473
Maryland,2025,4,4084.9473
Maryland,2025,5,4084.9473
Maryland,2025,6,4345.3433
Maryland,2025,7,4345.3433
Maryland,2025,8,4345.3433
Maryland,2025,9,4079.114
Maryland,2025,10,4079.114
Maryland,2025,11,4079.114
Maryland,2025,12,4629.857
Massachusetts,2022,1,8880.143
Massachusetts,2022,2,8854.102
Massachusetts,2022,3,13055.244
Massachusetts,2022,4,29587.8
Massachusetts,2022,5,11880.007
Massachusetts,2022,6,10673.079
Massachusetts,2022,7,13140.206
Massachusetts,2022,8,10790.751
Massachusetts,2022,9,12519.969
Massachusetts,2022,10,4796.762
Massachusetts,2022,11,8586.604
Massachusetts,2022,12,6840.371
Massachusetts,2023,1,6624.287
Massachusetts,2023,2,20101.229
Massachusetts,2023,3,17258.945
Massachusetts,2023,4,5051.4453
Massachusetts,2023,5,12625.709
Massachusetts,2023,6,8832.487
Massachusetts,2023,7,29375.102
Massachusetts,2023,8,9236.155
Massachusetts,2023,9,6800.421
Massachusetts,2023,10,4796.762
Massachusetts,2023,11,8848.788
Massachusetts,2023,12,6840.371
Massachusetts,2024,1,12543.05
Massachusetts,2024,2,12543.05
Massachusetts,2024,3,11663.119
Massachusetts,2024,4,11663.119
Massachusetts,2024,5,11663.119
Massachusetts,2024,6,12979.759
Massachusetts,2024,7,12979.759
Massachusetts,2024,8,12979.759
Massachusetts,2024,9,11546.564
Massachusetts,2024,10,11546.564
Massachusetts,2024,11,11546.564
Massachusetts,2024,12,12543.05
Massachusetts,2025,1,12543.05
Massachusetts,2025,2,12543.05
Massachusetts,2025,3,11663.119
Massachusetts,2025,4,11663.119
Massachusetts,2025,5,11663.119
Massachusetts,2025,6,12979.759
Massachusetts,2025,7,12979.759
Massachusetts,2025,8,12979.759
Massachusetts,2025,9,11546.564
Massachusetts,2025,10,11546.564
Massachusetts,2025,11,11546.564
Massachusetts,2025,12,12543.05
Michigan,2022,1,503.64517
Michigan,2022,2,2951.9924
Michigan,2022,3,691.4104
Michigan,2022,4,1111.1981
Michigan,2022,5,1451.954
Michigan,2022,6,824.13434
Michigan,2022,7,1896.9896
Michigan,2022,8,1469.0148
Michigan,2022,9,760.8847
Michigan,2022,10,2056.1267
Michigan,2022,11,3956.8972
Michigan,2022,12,1414.8759
Michigan,2023,1,2554.7036
Michigan,2023,2,600.07666
Michigan,2023,3,3234.2349
Michigan,2023,4,878.24176
Michigan,2023,5,1026.7844
Michigan,2023,6,654.6236
Michigan,2023,7,2823.55
Michigan,2023,8,1516.6482
Michigan,2023,9,1103.7087
Michigan,2023,10,500.7998
Michigan,2023,11,881.68634
Michigan,2023,12,3838.96
Michigan,2024,1,643.1267
Michigan,2024,2,643.1267
Michigan,2024,3,605.75903
Michigan,2024,4,605.75903
Michigan,2024,5,605.75903
Michigan,2024,6,613.0534
Michigan,2024,7,613.0534
Michigan,2024,8,613.0534
Michigan,2024,9,605.75903
Michigan,2024,10,605.75903
Michigan,2024,11,605.75903
Michigan,2024,12,643.1267
Michigan,2025,1,643.1267
Michigan,2025,2,643.1267
Michigan,2025,3,605.75903
Michigan,2025,4,605.75903
Michigan,2025,5,605.75903
Michigan,2025,6,613.0534
Michigan,2025,7,613.0534
Michigan,2025,8,613.0534
Michigan,2025,9,605.75903
Michigan,2025,10,605.75903
Michigan,2025,11,605.75903
Michigan,2025,12,643.1267
Minnesota,2022,1,5729.008
Minnesota,2022,2,4226.9683
Minnesota,2022,3,4506.446
Minnesota,2022,4,6723.5376
Minnesota,2022,5,7291.496
Minnesota,2022,6,2806.2363
Minnesota,2022,7,2891.5671
Minnesota,2022,8,6411.789
Minnesota,2022,9,7424.3447
Minnesota,2022,10,4513.463
Minnesota,2022,11,5823.4995
Minnesota,2022,12,7132.852
Minnesota,2023,1,4383.984
Minnesota,2023,2,6532.779
Minnesota,2023,3,6905.396
Minnesota,2023,4,5757.1294
Minnesota,2023,5,2760.5496
Minnesota,2023,6,4506.446
Minnesota,2023,7,6520.8384
Minnesota,2023,8,5690.1685
Minnesota,2023,9,8156.717
Minnesota,2023,10,2633.6035
Minnesota,2023,11,4160.3413
Minnesota,2023,12,6848.053
Minnesota,2024,1,6844.243
Minnesota,2024,2,6844.243
Minnesota,2024,3,6007.511
Minnesota,2024,4,6007.511
Minnesota,2024,5,6007.511
Minnesota,2024,6,6257.5845
Minnesota,2024,7,6257.5845
Minnesota,2024,8,6257.5845
Minnesota,2024,9,6079.666
Minnesota,2024,10,6079.666
Minnesota,2024,11,6079.666
Minnesota,2024,12,6844.243
Minnesota,2025,1,4049.5764
Minnesota,2025,2,4049.5764
Minnesota,2025,3,3538.6753
Minnesota,2025,4,3538.6753
Minnesota,2025,5,3538.6753
Minnesota,2025,6,4056.2568
Minnesota,2025,7,4056.2568
Minnesota,2025,8,4056.2568
Minnesota,2025,9,3561.8352
Minnesota,2025,10,3561.8352
Minnesota,2025,11,3561.8352
Minnesota,2025,12,4049.5764
Mississippi,2022,1,503.64517
Mississippi,2022,2,2951.9924
Mississippi,2022,3,691.4104
Mississippi,2022,4,1111.1981
Mississippi,2022,5,1451.954
Mississippi,2022,6,824.13434
Mississippi,2022,7,1896.9896
Mississippi,2022,8,1469.0148
Mississippi,2022,9,760.8847
Mississippi,2022,10,2056.1267
Mississippi,2022,11,3956.8972
Mississippi,2022,12,1414.8759
Mississippi,2023,1,2554.7036
Mississippi,2023,2,600.07666
Mississippi,2023,3,3234.2349
Mississippi,2023,4,878.24176
Mississippi,2023,5,1026.7844
Mississippi,2023,6,654.6236
Mississippi,2023,7,2823.55
Mississippi,2023,8,1516.6482
Mississippi,2023,9,1103.7087
Mississippi,2023,10,500.7998
Mississippi,2023,11,881.68634
Mississippi,2023,12,3838.96
Mississippi,2024,1,1053.6198
Mississippi,2024,2,1053.6198
Mississippi,2024,3,976.2275
Mississippi,2024,4,976.2275
Mississippi,2024,5,976.2275
Mississippi,2024,6,1019.3328
Mississippi,2024,7,1019.3328
Mississippi,2024,8,1019.3328
Mississippi,2024,9,976.2275
Mississippi,2024,10,976.2275
Mississippi,2024,11,976.2275
Mississippi,2024,12,1053.6198
Mississippi,2025,1,1053.6198
Mississippi,2025,2,1053.6198
Mississippi,2025,3,976.2275
Mississippi,2025,4,976.2275
Mississippi,2025,5,976.2275
Mississippi,2025,6,1019.3328
Mississippi,2025,7,1019.3328
Mississippi,2025,8,1019.3328
Mississippi,2025,9,976.2275
Mississippi,2025,10,976.2275
Mississippi,2025,11,976.2275
Mississippi,2025,12,1053.6198
Missouri,2022,1,5729.008
Missouri,2022,2,4226.9683
Missouri,2022,3,4506.446
Missouri,2022,4,6723.5376
Missouri,2022,5,7291.496
Missouri,2022,6,2806.2363
Missouri,2022,7,2891.5671
Missouri,2022,8,6411.789
Missouri,2022,9,7424.3447
Missouri,2022,10,4513.463
Missouri,2022,11,5823.4995
Missouri,2022,12,7132.852
Missouri,2023,1,4383.984
Missouri,2023,2,6532.779
Missouri,2023,3,6905.396
Missouri,2023,4,5757.1294
Missouri,2023,5,2760.5496
Missouri,2023,6,4506.446
Missouri,2023,7,6520.8384
Missouri,2023,8,5690.1685
Missouri,2023,9,8156.717
Missouri,2023,10,2633.6035
Missouri,2023,11,4160.3413
Missouri,2023,12,6848.053
Missouri,2024,1,7313.8594
Missouri,2024,2,7313.8594
Missouri,2024,3,6437.6367
Missouri,2024,4,6437.6367
Missouri,2024,5,6437.6367
Missouri,2024,6,7070.68
Missouri,2024,7,7070.68
Missouri,2024,8,7070.68
Missouri,2024,9,6498.3667
Missouri,2024,10,6498.3667
Missouri,2024,11,6498.3667
Missouri,2024,12,7313.8594
Missouri,2025,1,7313.8594
Missouri,2025,2,7313.8594
Missouri,2025,3,6437.6367
Missouri,2025,4,6437.6367
Missouri,2025,5,6437.6367
Missouri,2025,6,7070.68
Missouri,2025,7,7070.68
Missouri,2025,8,7070.68
Missouri,2025,9,6498.3667
Missouri,2025,10,6498.3667
Missouri,2025,11,6498.3667
Missouri,2025,12,7313.8594
Montana,2022,1,8880.143
Montana,2022,2,8854.102
Montana,2022,3,13055.244
Montana,2022,4,29587.8
Montana,2022,5,11880.007
Montana,2022,6,10673.079
Montana,2022,7,13140.206
Montana,2022,8,10790.751
Montana,2022,9,12519.969
Montana,2022,10,4796.762
Montana,2022,11,8586.604
Montana,2022,12,6840.371
Montana,2023,1,6624.287
Montana,2023,2,20101.229
Montana,2023,3,17258.945
Montana,2023,4,5051.4453
Montana,2023,5,12625.709
Montana,2023,6,8832.487
Montana,2023,7,29375.102
Montana,2023,8,9236.155
Montana,2023,9,6800.421
Montana,2023,10,4796.762
Montana,2023,11,8848.788
Montana,2023,12,6840.371
Montana,2024,1,27626.57
Montana,2024,2,27626.57
Montana,2024,3,26184.518
Montana,2024,4,26184.518
Montana,2024,5,26184.518
Montana,2024,6,28979.766
Montana,2024,7,28979.766
Montana,2024,8,28979.766
Montana,2024,9,27355.068
Montana,2024,10,27355.068
Montana,2024,11,27355.068
Montana,2024,12,27626.57
Montana,2025,1,27626.57
Montana,2025,2,27626.57
Montana,2025,3,26184.518
Montana,2025,4,26184.518
Montana,2025,5,26184.518
Montana,2025,6,28979.766
Montana,2025,7,28979.766
Montana,2025,8,28979.766
Montana,2025,9,27355.068
Montana,2025,10,27355.068
Montana,2025,11,27355.068
Montana,2025,12,27626.57
Nebraska,2022,1,5729.008
Nebraska,2022,2,4226.9683
Nebraska,2022,3,4506.446
Nebraska,2022,4,6723.5376
Nebraska,2022,5,7291.496
Nebraska,2022,6,2806.2363
Nebraska,2022,7,2891.5671
Nebraska,2022,8,6411.789
Nebraska,2022,9,7424.3447
Nebraska,2022,10,4513.463
Nebraska,2022,11,5823.4995
Nebraska,2022,12,7132.852
Nebraska,2023,1,4383.984
Nebraska,2023,2,6532.779
Nebraska,2023,3,6905.396
Nebraska,2023,4,5757.1294
Nebraska,2023,5,2760.5496
Nebraska,2023,6,4506.446
Nebraska,2023,7,6520.8384
Nebraska,2023,8,5690.1685
Nebraska,2023,9,8156.717
Nebraska,2023,10,2633.6035
Nebraska,2023,11,4160.3413
Nebraska,2023,12,6848.053
Nebraska,2024,1,2999.6143
Nebraska,2024,2,2999.6143
Nebraska,2024,3,2710.3093
Nebraska,2024,4,2710.3093
Nebraska,2024,5,2710.3093
Nebraska,2024,6,2793.2454
Nebraska,2024,7,2793.2454
Nebraska,2024,8,2793.2454
Nebraska,2024,9,2684.876
Nebraska,2024,10,2684.876
Nebraska,2024,11,2684.876
Nebraska,2024,12,2999.6143
Nebraska,2025,1,2999.6143
Nebraska,2025,2,2999.6143
Nebraska,2025,3,2710.3093
Nebraska,2025,4,2710.3093
Nebraska,2025,5,2710.3093
Nebraska,2025,6,2793.2454
Nebraska,2025,7,2793.2454
Nebraska,2025,8,2793.2454
Nebraska,2025,9,2684.876
Nebraska,2025,10,2684.876
Nebraska,2025,11,2684.876
Nebraska,2025,12,2999.6143
Nevada,2022,1,503.64517
Nevada,2022,2,2951.9924
Nevada,2022,3,691.4104
Nevada,2022,4,1111.1981
Nevada,2022,5,1451.954
Nevada,2022,6,824.13434
Nevada,2022,7,1896.9896
Nevada,2022,8,1469.0148
Nevada,2022,9,760.8847
Nevada,2022,10,2056.1267
Nevada,2022,11,3956.8972
Nevada,2022,12,1414.8759
Nevada,2023,1,2554.7036
Nevada,2023,2,600.07666
Nevada,2023,3,3234.2349
Nevada,2023,4,878.24176
Nevada,2023,5,1026.7844
Nevada,2023,6,654.6236
Nevada,2023,7,2823.55
Nevada,2023,8,1516.6482
Nevada,2023,9,1103.7087
Nevada,2023,10,500.7998
Nevada,2023,11,881.68634
Nevada,2023,12,3838.96
Nevada,2024,1,472.1311
Nevada,2024,2,472.1311
Nevada,2024,3,414.85233
Nevada,2024,4,414.85233
Nevada,2024,5,414.85233
Nevada,2024,6,402.59662
Nevada,2024,7,402.59662
Nevada,2024,8,402.59662
Nevada,2024,9,412.95575
Nevada,2024,10,412.95575
Nevada,2024,11,412.95575
Nevada,2024,12,472.1311
Nevada,2025,1,472.1311
Nevada,2025,2,472.1311
Nevada,2025,3,414.85233
Nevada,2025,4,414.85233
Nevada,2025,5,414.85233
Nevada,2025,6,402.59662
Nevada,2025,7,402.59662
Nevada,2025,8,402.59662
Nevada,2025,9,412.95575
Nevada,2025,10,412.95575
Nevada,2025,11,412.95575
Nevada,2025,12,472.1311
New Hampshire,2022,1,8880.143
New Hampshire,2022,2,8854.102
New Hampshire,2022,3,13055.244
New Hampshire,2022,4,29587.8
New Hampshire,2022,5,11880.007
New Hampshire,2022,6,10673.079
New Hampshire,2022,7,13140.206
New Hampshire,2022,8,10790.751
New Hampshire,2022,9,12519.969
New Hampshire,2022,10,4796.762
New Hampshire,2022,11,8586.604
New Hampshire,2022,12,6840.371
New Hampshire,2023,1,6624.287
New Hampshire,2023,2,20101.229
New Hampshire,2023,3,17258.945
New Hampshire,2023,4,5051.4453
New Hampshire,2023,5,12625.709
New Hampshire,2023,6,8832.487
New Hampshire,2023,7,29375.102
New Hampshire,2023,8,9236.155
New Hampshire,2023,9,6800.421
New Hampshire,2023,10,4796.762
New Hampshire,2023,11,8848.788
New Hampshire,2023,12,6840.371
New Hampshire,2024,1,8696.028
New Hampshire,2024,2,8696.028
New Hampshire,2024,3,8301.878
New Hampshire,2024,4,8301.878
New Hampshire,2024,5,8301.878
New Hampshire,2024,6,8293.18
New Hampshire,2024,7,8293.18
New Hampshire,2024,8,8293.18
New Hampshire,2024,9,8226.727
New Hampshire,2024,10,8226.727
New Hampshire,2024,11,8226.727
New Hampshire,2024,12,8696.028
New Hampshire,2025,1,8696.028
New Hampshire,2025,2,8696.028
New Hampshire,2025,3,8301.878
New Hampshire,2025,4,8301.878
New Hampshire,2025,5,8301.878
New Hampshire,2025,6,8293.18
New Hampshire,2025,7,8293.18
New Hampshire,2025,8,8293.18
New Hampshire,2025,9,8226.727
New Hampshire,2025,10,8226.727
New Hampshire,2025,11,8226.727
New Hampshire,2025,12,8696.028
New Jersey,2022,1,8880.143
New Jersey,2022,2,8854.102
New Jersey,2022,3,13055.244
New Jersey,2022,4,29587.8
New Jersey,2022,5,11880.007
New Jersey,2022,6,10673.079
New Jersey,2022,7,13140.206
New Jersey,2022,8,10790.751
New Jersey,2022,9,12519.969
New Jersey,2022,10,4796.762
New Jersey,2022,11,8586.604
New Jersey,2022,12,6840.371
New Jersey,2023,1,6624.287
New Jersey,2023,2,20101.229
New Jersey,2023,3,17258.945
New Jersey,2023,4,5051.4453
New Jersey,2023,5,12625.709
New Jersey,2023,6,8832.487
New Jersey,2023,7,29375.102
New Jersey,2023,8,9236.155
New Jersey,2023,9,6800.421
New Jersey,2023,10,4796.762
New Jersey,2023,11,8848.788
New Jersey,2023,12,6840.371
New Jersey,2024,1,8684.302
New Jersey,2024,2,8684.302
New Jersey,2024,3,8144.123
New Jersey,2024,4,8144.123
New Jersey,2024,5,8144.123
New Jersey,2024,6,8598.933
New Jersey,2024,7,8598.933
New Jersey,2024,8,8598.933
New Jersey,2024,9,8064.9507
New Jersey,2024,10,8064.9507
New Jersey,2024,11,8064.9507
New Jersey,2024,12,8684.302
New Jersey,2025,1,8684.302
New Jersey,2025,2,8684.302
New Jersey,2025,3,8144.123
New Jersey,2025,4,8144.123
New Jersey,2025,5,8144.123
New Jersey,2025,6,8598.933
New Jersey,2025,7,8598.933
New Jersey,2025,8,8598.933
New Jersey,2025,9,8064.9507
New Jersey,2025,10,8064.9507
New Jersey,2025,11,8064.9507
New Jersey,2025,12,8684.302
New Mexico,2022,1,503.64517
New Mexico,2022,2,2951.9924
New Mexico,2022,3,691.4104
New Mexico,2022,4,1111.1981
New Mexico,2022,5,1451.954
New Mexico,2022,6,824.13434
New Mexico,2022,7,1896.9896
New Mexico,2022,8,1469.0148
New Mexico,2022,9,760.8847
New Mexico,2022,10,2056.1267
New Mexico,2022,11,3956.8972
New Mexico,2022,12,1414.8759
New Mexico,2023,1,2554.7036
New Mexico,2023,2,600.07666
New Mexico,2023,3,3234.2349
New Mexico,2023,4,878.24176
New Mexico,2023,5,1026.7844
New Mexico,2023,6,654.6236
New Mexico,2023,7,2823.55
New Mexico,2023,8,1516.6482
New Mexico,2023,9,1103.7087
New Mexico,2023,10,500.7998
New Mexico,2023,11,881.68634
New Mexico,2023,12,3838.96
New Mexico,2024,1,1637.5664
New Mexico,2024,2,1637.5664
New Mexico,2024,3,1464.8667
New Mexico,2024,4,1464.8667
New Mexico,2024,5,1464.8667
New Mexico,2024,6,1406.5817
New Mexico,2024,7,1406.5817
New Mexico,2024,8,1406.5817
New Mexico,2024,9,1464.8667
New Mexico,2024,10,1464.8667
New Mexico,2024,11,1464.8667
New Mexico,2024,12,1637.5664
New Mexico,2025,1,1637.5664
New Mexico,2025,2,1637.5664
New Mexico,2025,3,1464.8667
New Mexico,2025,4,1464.8667
New Mexico,2025,5,1464.8667
New Mexico,2025,6,1406.5817
New Mexico,2025,7,1406.5817
New Mexico,2025,8,1406.5817
New Mexico,2025,9,1464.8667
New Mexico,2025,10,1464.8667
New Mexico,2025,11,1464.8667
New Mexico,2025,12,1637.5664
New York,2022,1,5729.008
New York,2022,2,4226.9683
New York,2022,3,4506.446
New York,2022,4,6723.5376
New York,2022,5,7291.496
New York,2022,6,2806.2363
New York,2022,7,2891.5671
New York,2022,8,6411.789
New York,2022,9,7424.3447
New York,2022,10,4513.463
New York,2022,11,5823.4995
New York,2022,12,7132.852
New York,2023,1,4383.984
New York,2023,2,6532.779
New York,2023,3,6905.396
New York,2023,4,5757.1294
New York,2023,5,2760.5496
New York,2023,6,4506.446
New York,2023,7,6520.8384
New York,2023,8,5690.1685
New York,2023,9,8156.717
New York,2023,10,2633.6035
New York,2023,11,4160.3413
New York,2023,12,6848.053
New York,2024,1,5968.9766
New York,2024,2,5968.9766
New York,2024,3,5591.1973
New York,2024,4,5591.1973
New York,2024,5,5591.1973
New York,2024,6,5706.7393
New York,2024,7,5706.7393
New York,2024,8,5706.7393
New York,2024,9,5545.2026
New York,2024,10,5545.2026
New York,2024,11,5545.2026
New York,2024,12,5968.9766
New York,2025,1,5968.9766
New York,2025,2,5968.9766
New York,2025,3,5591.1973
New York,2025,4,5591.1973
New York,2025,5,5591.1973
New York,2025,6,5706.7393
New York,2025,7,5706.7393
New York,2025,8,5706.7393
New York,2025,9,5545.2026
New York,2025,10,5545.2026
New York,2025,11,5545.2026
New York,2025,12,5968.9766
North Carolina,2022,1,503.64517
North Carolina,2022,2,2951.9924
North Carolina,2022,3,691.4104
North Carolina,2022,4,1111.1981
North Carolina,2022,5,1451.954
North Carolina,2022,6,824.13434
North Carolina,2022,7,1896.9896
North Carolina,2022,8,1469.0148
North Carolina,2022,9,760.8847
North Carolina,2022,10,2056.1267
North Carolina,2022,11,3956.8972
North Carolina,2022,12,1414.8759
North Carolina,2023,1,2554.7036
North Carolina,2023,2,600.07666
North Carolina,2023,3,3234.2349
North Carolina,2023,4,878.24176
North Carolina,2023,5,1026.7844
North Carolina,2023,6,654.6236
North Carolina,2023,7,2823.55
North Carolina,2023,8,1516.6482
North Carolina,2023,9,1103.7087
North Carolina,2023,10,500.7998
North Carolina,2023,11,881.68634
North Carolina,2023,12,3838.96
North Carolina,2024,1,1518.8063
North Carolina,2024,2,1518.8063
North Carolina,2024,3,1357.996
North Carolina,2024,4,1357.996
North Carolina,2024,5,1357.996
North Carolina,2024,6,1363.9734
North Carolina,2024,7,1363.9734
North Carolina,2024,8,1363.9734
North Carolina,2024,9,1356.9731
North Carolina,2024,10,1356.9731
North Carolina,2024,11,1356.9731
North Carolina,2024,12,1518.8063
North Carolina,2025,1,1518.8063
North Carolina,2025,2,1518.8063
North Carolina,2025,3,1357.996
North Carolina,2025,4,1357.996
North Carolina,2025,5,1357.996
North Carolina,2025,6,1363.9734
North Carolina,2025,7,1363.9734
North Carolina,2025,8,1363.9734
North Carolina,2025,9,1356.9731
North Carolina,2025,10,1356.9731
North Carolina,2025,11,1356.9731
North Carolina,2025,12,1518.8063
North Dakota,2022,1,5729.008
North Dakota,2022,2,4226.9683
North Dakota,2022,3,4506.446
North Dakota,2022,4,6723.5376
North Dakota,2022,5,7291.496
North Dakota,2022,6,2806.2363
North Dakota,2022,7,2891.5671
North Dakota,2022,8,6411.789
North Dakota,2022,9,7424.3447
North Dakota,2022,10,4513.463
North Dakota,2022,11,5823.4995
North Dakota,2022,12,7132.852
North Dakota,2023,1,4383.984
North Dakota,2023,2,6532.779
North Dakota,2023,3,6905.396
North Dakota,2023,4,5757.1294
North Dakota,2023,5,2760.5496
North Dakota,2023,6,4506.446
North Dakota,2023,7,6520.8384
North Dakota,2023,8,5690.1685
North Dakota,2023,9,8156.717
North Dakota,2023,10,2633.6035
North Dakota,2023,11,4160.3413
North Dakota,2023,12,6848.053
North Dakota,2024,1,4716.9775
North Dakota,2024,2,4716.9775
North Dakota,2024,3,4326.0938
North Dakota,2024,4,4326.0938
North Dakota,2024,5,4326.0938
North Dakota,2024,6,4236.217
North Dakota,2024,7,4236.217
North Dakota,2024,8,4236.217
North Dakota,2024,9,4280.099
North Dakota,2024,10,4280.099
North Dakota,2024,11,4280.099
North Dakota,2024,12,4716.9775
North Dakota,2025,1,4716.9775
North Dakota,2025,2,4716.9775
North Dakota,2025,3,4326.0938
North Dakota,2025,4,4326.0938
North Dakota,2025,5,4326.0938
North Dakota,2025,6,4236.217
North Dakota,2025,7,4236.217
North Dakota,2025,8,4236.217
North Dakota,2025,9,4280.099
North Dakota,2025,10,4280.099
North Dakota,2025,11,4280.099
North Dakota,2025,12,4716.9775
Ohio,2022,1,503.64517
Ohio,2022,2,2951.9924
Ohio,2022,3,691.4104
Ohio,2022,4,1111.1981
Ohio,2022,5,1451.954
Ohio,2022,6,824.13434
Ohio,2022,7,1896.9896
Ohio,2022,8,1469.0148
Ohio,2022,9,760.8847
Ohio,2022,10,2056.1267
Ohio,2022,11,3956.8972
Ohio,2022,12,1414.8759
Ohio,2023,1,2554.7036
Ohio,2023,2,600.07666
Ohio,2023,3,3234.2349
Ohio,2023,4,878.24176
Ohio,2023,5,1026.7844
Ohio,2023,6,654.6236
Ohio,2023,7,2823.55
Ohio,2023,8,1516.6482
Ohio,2023,9,1103.7087
Ohio,2023,10,500.7998
Ohio,2023,11,881.68634
Ohio,2023,12,3838.96
Ohio,2024,1,3146.4375
Ohio,2024,2,3146.4375
Ohio,2024,3,2967.9834
Ohio,2024,4,2967.9834
Ohio,2024,5,2967.9834
Ohio,2024,6,3083.9028
Ohio,2024,7,3083.9028
Ohio,2024,8,3083.9028
Ohio,2024,9,2997.5786
Ohio,2024,10,2997.5786
Ohio,2024,11,2997.5786
Ohio,2024,12,3146.4375
Ohio,2025,1,3146.4375
Ohio,2025,2,3146.4375
Ohio,2025,3,2967.9834
Ohio,2025,4,2967.9834
Ohio,2025,5,2967.9834
Ohio,2025,6,3083.9028
Ohio,2025,7,3083.9028
Ohio,2025,8,3083.9028
Ohio,2025,9,2997.5786
Ohio,2025,10,2997.5786
Ohio,2025,11,2997.5786
Ohio,2025,12,3146.4375
Oklahoma,2022,1,5729.008
Oklahoma,2022,2,4226.9683
Oklahoma,2022,3,4506.446
Oklahoma,2022,4,6723.5376
Oklahoma,2022,5,7291.496
Oklahoma,2022,6,2806.2363
Oklahoma,2022,7,2891.5671
Oklahoma,2022,8,6411.789
Oklahoma,2022,9,7424.3447
Oklahoma,2022,10,4513.463
Oklahoma,2022,11,5823.4995
Oklahoma,2022,12,7132.852
Oklahoma,2023,1,4383.984
Oklahoma,2023,2,6532.779
Oklahoma,2023,3,6905.396
Oklahoma,2023,4,5757.1294
Oklahoma,2023,5,2760.5496
Oklahoma,2023,6,4506.446
Oklahoma,2023,7,6520.8384
Oklahoma,2023,8,5690.1685
Oklahoma,2023,9,8156.717
Oklahoma,2023,10,2633.6035
Oklahoma,2023,11,4160.3413
Oklahoma,2023,12,6848.053
Oklahoma,2024,1,6415.568
Oklahoma,2024,2,6415.568
Oklahoma,2024,3,5643.8677
Oklahoma,2024,4,5643.8677
Oklahoma,2024,5,5643.8677
Oklahoma,2024,6,5791.2896
Oklahoma,2024,7,5791.2896
Oklahoma,2024,8,5791.2896
Oklahoma,2024,9,5630.259
Oklahoma,2024,10,5630.259
Oklahoma,2024,11,5630.259
Oklahoma,2024,12,6415.568
Oklahoma,2025,1,6415.568
Oklahoma,2025,2,6415.568
Oklahoma,2025,3,5643.8677
Oklahoma,2025,4,5643.8677
Oklahoma,2025,5,5643.8677
Oklahoma,2025,6,5791.2896
Oklahoma,2025,7,5791.2896
Oklahoma,2025,8,5791.2896
Oklahoma,2025,9,5630.259
Oklahoma,2025,10,5630.259
Oklahoma,2025,11,5630.259
Oklahoma,2025,12,6415.568
Oregon,2022,1,5729.008
Oregon,2022,2,4226.9683
Oregon,2022,3,4506.446
Oregon,2022,4,6723.5376
Oregon,2022,5,7291.496
Oregon,2022,6,2806.2363
Oregon,2022,7,2891.5671
Oregon,2022,8,6411.789
Oregon,2022,9,7424.3447
Oregon,2022,10,4513.463
Oregon,2022,11,5823.4995
Oregon,2022,12,7132.852
Oregon,2023,1,4383.984
Oregon,2023,2,6532.779
Oregon,2023,3,6905.396
Oregon,2023,4,5757.1294
Oregon,2023,5,2760.5496
Oregon,2023,6,4506.446
Oregon,2023,7,6520.8384
Oregon,2023,8,5690.1685
Oregon,2023,9,8156.717
Oregon,2023,10,2633.6035
Oregon,2023,11,4160.3413
Oregon,2023,12,6848.053
Oregon,2024,1,7128.1953
Oregon,2024,2,7128.1953
Oregon,2024,3,6291.4634
Oregon,2024,4,6291.4634
Oregon,2024,5,6291.4634
Oregon,2024,6,6498.3604
Oregon,2024,7,6498.3604
Oregon,2024,8,6498.3604
Oregon,2024,9,6363.618
Oregon,2024,10,6363.618
Oregon,2024,11,6363.618
Oregon,2024,12,7128.1953
Oregon,2025,1,7128.1953
Oregon,2025,2,7128.1953
Oregon,2025,3,6291.4634
Oregon,2025,4,6291.4634
Oregon,2025,5,6291.4634
Oregon,2025,6,6498.3604
Oregon,2025,7,6498.3604
Oregon,2025,8,6498.3604
Oregon,2025,9,6363.618
Oregon,2025,10,6363.618
Oregon,2025,11,6363.618
Oregon,2025,12,7128.1953
Pennsylvania,2022,1,503.64517
Pennsylvania,2022,2,2951.9924
Pennsylvania,2022,3,691.4104
Pennsylvania,2022,4,1111.1981
Pennsylvania,2022,5,1451.954
Pennsylvania,2022,6,824.13434
Pennsylvania,2022,7,1896.9896
Pennsylvania,2022,8,1469.0148
Pennsylvania,2022,9,760.8847
Pennsylvania,2022,10,2056.1267
Pennsylvania,2022,11,3956.8972
Pennsylvania,2022,12,1414.8759
Pennsylvania,2023,1,2554.7036
Pennsylvania,2023,2,600.07666
Pennsylvania,2023,3,3234.2349
Pennsylvania,2023,4,878.24176
Pennsylvania,2023,5,1026.7844
Pennsylvania,2023,6,654.6236
Pennsylvania,2023,7,2823.55
Pennsylvania,2023,8,1516.6482
Pennsylvania,2023,9,1103.7087
Pennsylvania,2023,10,500.7998
Pennsylvania,2023,11,881.68634
Pennsylvania,2023,12,3838.96
Pennsylvania,2024,1,600.07666
Pennsylvania,2024,2,600.07666
Pennsylvania,2024,3,565.8594
Pennsylvania,2024,4,565.8594
Pennsylvania,2024,5,565.8594
Pennsylvania,2024,6,551.9017
Pennsylvania,2024,7,551.9017
Pennsylvania,2024,8,551.9017
Pennsylvania,2024,9,563.9628
Pennsylvania,2024,10,563.9628
Pennsylvania,2024,11,563.9628
Pennsylvania,2024,12,600.07666
Pennsylvania,2025,1,600.07666
Pennsylvania,2025,2,600.07666
Pennsylvania,2025,3,565.8594
Pennsylvania,2025,4,565.8594
Pennsylvania,2025,5,565.8594
Pennsylvania,2025,6,551.9017
Pennsylvania,2025,7,551.9017
Pennsylvania,2025,8,551.9017
Pennsylvania,2025,9,563.9628
Pennsylvania,2025,10,563.9628
Pennsylvania,2025,11,563.9628
Pennsylvania,2025,12,600.07666
Rhode Island,2022,1,8880.143
Rhode Island,2022,2,8854.102
Rhode Island,2022,3,13055.244
Rhode Island,2022,4,29587.8
Rhode Island,2022,5,11880.007
Rhode Island,2022,6,10673.079
Rhode Island,2022,7,13140.206
Rhode Island,2022,8,10790.751
Rhode Island,2022,9,12519.969
Rhode Island,2022,10,4796.762
Rhode Island,2022,11,8586.604
Rhode Island,2022,12,6840.371
Rhode Island,2023,1,6624.287
Rhode Island,2023,2,20101.229
Rhode Island,2023,3,17258.945
Rhode Island,2023,4,5051.4453
Rhode Island,2023,5,12625.709
Rhode Island,2023,6,8832.487
Rhode Island,2023,7,29375.102
Rhode Island,2023,8,9236.155
Rhode Island,2023,9,6800.421
Rhode Island,2023,10,4796.762
Rhode Island,2023,11,8848.788
Rhode Island,2023,12,6840.371
Rhode Island,2024,1,6028.8857
Rhode Island,2024,2,6028.8857
Rhode Island,2024,3,5521.0903
Rhode Island,2024,4,5521.0903
Rhode Island,2024,5,5521.0903
Rhode Island,2024,6,6634.9746
Rhode Island,2024,7,6634.9746
Rhode Island,2024,8,6634.9746
Rhode Island,2024,9,5541.9155
Rhode Island,2024,10,5541.9155
Rhode Island,2024,11,5541.9155
Rhode Island,2024,12,6028.8857
Rhode Island,2025,1,6028.8857
Rhode Island,2025,2,6028.8857
Rhode Island,2025,3,5521.0903
Rhode Island,2025,4,5521.0903
Rhode Island,2025,5,5521.0903
Rhode Island,2025,6,6634.9746
Rhode Island,2025,7,6634.9746
Rhode Island,2025,8,6634.9746
Rhode Island,2025,9,5541.9155
Rhode Island,2025,10,5541.9155
Rhode Island,2025,11,5541.9155
Rhode Island,2025,12,6028.8857
South Carolina,2022,1,5729.008
South Carolina,2022,2,4226.9683
South Carolina,2022,3,4506.446
South Carolina,2022,4,6723.5376
South Carolina,2022,5,7291.496
South Carolina,2022,6,2806.2363
South Carolina,2022,7,2891.5671
South Carolina,2022,8,6411.789
South Carolina,2022,9,7424.3447
South Carolina,2022,10,4513.463
South Carolina,2022,11,5823.4995
South Carolina,2022,12,7132.852
South Carolina,2023,1,4383.984
South Carolina,2023,2,6532.779
South Carolina,2023,3,6905.396
South Carolina,2023,4,5757.1294
South Carolina,2023,5,2760.5496
South Carolina,2023,6,4506.446
South Carolina,2023,7,6520.8384
South Carolina,2023,8,5690.1685
South Carolina,2023,9,8156.717
South Carolina,2023,10,2633.6035
South Carolina,2023,11,4160.3413
South Carolina,2023,12,6848.053
South Carolina,2024,1,4267.3022
South Carolina,2024,2,4267.3022
South Carolina,2024,3,3607.2917
South Carolina,2024,4,3607.2917
South Carolina,2024,5,3607.2917
South Carolina,2024,6,3943.4126
South Carolina,2024,7,3943.4126
South Carolina,2024,8,3943.4126
South Carolina,2024,9,3677.714
South Carolina,2024,10,3677.714
South Carolina,2024,11,3677.714
South Carolina,2024,12,4267.3022
South Carolina,2025,1,4267.3022
South Carolina,2025,2,4267.3022
South Carolina,2025,3,3607.2917
South Carolina,2025,4,3607.2917
South Carolina,2025,5,3607.2917
South Carolina,2025,6,3943.4126
South Carolina,2025,7,3943.4126
South Carolina,2025,8,3943.4126
South Carolina,2025,9,3677.714
South Carolina,2025,10,3677.714
South Carolina,2025,11,3677.714
South Carolina,2025,12,4267.3022
South Dakota,2022,1,8880.143
South Dakota,2022,2,8854.102
South Dakota,2022,3,13055.244
South Dakota,2022,4,29587.8
South Dakota,2022,5,11880.007
South Dakota,2022,6,10673.079
South Dakota,2022,7,13140.206
South Dakota,2022,8,10790.751
South Dakota,2022,9,12519.969
South Dakota,2022,10,4796.762
South Dakota,2022,11,8586.604
South Dakota,2022,12,6840.371
South Dakota,2023,1,6624.287
South Dakota,2023,2,20101.229
South Dakota,2023,3,17258.945
South Dakota,2023,4,5051.4453
South Dakota,2023,5,12625.709
South Dakota,2023,6,8832.487
South Dakota,2023,7,29375.102
South Dakota,2023,8,9236.155
South Dakota,2023,9,6800.421
South Dakota,2023,10,4796.762
South Dakota,2023,11,8848.788
South Dakota,2023,12,6840.371
South Dakota,2024,1,17397.617
South Dakota,2024,2,17397.617
South Dakota,2024,3,17902.62
South Dakota,2024,4,17902.62
South Dakota,2024,5,17902.62
South Dakota,2024,6,19447.648
South Dakota,2024,7,19447.648
South Dakota,2024,8,19447.648
South Dakota,2024,9,18152.387
South Dakota,2024,10,18152.387
South Dakota,2024,11,18152.387
South Dakota,2024,12,17397.617
South Dakota,2025,1,17397.617
South Dakota,2025,2,17397.617
South Dakota,2025,3,17902.62
South Dakota,2025,4,17902.62
South Dakota,2025,5,17902.62
South Dakota,2025,6,19447.648
South Dakota,2025,7,19447.648
South Dakota,2025,8,19447.648
South Dakota,2025,9,18152.387
South Dakota,2025,10,18152.387
South Dakota,2025,11,18152.387
South Dakota,2025,12,17397.617
Tennessee,2022,1,8880.143
Tennessee,2022,2,8854.102
Tennessee,2022,3,13055.244
Tennessee,2022,4,29587.8
Tennessee,2022,5,11880.007
Tennessee,2022,6,10673.079
Tennessee,2022,7,13140.206
Tennessee,2022,8,10790.751
Tennessee,2022,9,12519.969
Tennessee,2022,10,4796.762
Tennessee,2022,11,8586.604
Tennessee,2022,12,6840.371
Tennessee,2023,1,6624.287
Tennessee,2023,2,20101.229
Tennessee,2023,3,17258.945
Tennessee,2023,4,5051.4453
Tennessee,2023,5,12625.709
Tennessee,2023,6,8832.487
Tennessee,2023,7,29375.102
Tennessee,2023,8,9236.155
Tennessee,2023,9,6800.421
Tennessee,2023,10,4796.762
Tennessee,2023,11,8848.788
Tennessee,2023,12,6840.371
Tennessee,2024,1,5074.4907
Tennessee,2024,2,5074.4907
Tennessee,2024,3,4562.0215
Tennessee,2024,4,4562.0215
Tennessee,2024,5,4562.0215
Tennessee,2024,6,4497.8477
Tennessee,2024,7,4497.8477
Tennessee,2024,8,4497.8477
Tennessee,2024,9,4492.4814
Tennessee,2024,10,4492.4814
Tennessee,2024,11,4492.4814
Tennessee,2024,12,5074.4907
Tennessee,2025,1,5713.122
Tennessee,2025,2,5713.122
Tennessee,2025,3,5200.6523
Tennessee,2025,4,5200.6523
Tennessee,2025,5,5200.6523
Tennessee,2025,6,5187.4414
Tennessee,2025,7,5187.4414
Tennessee,2025,8,5187.4414
Tennessee,2025,9,5131.1123
Tennessee,2025,10,5131.1123
Tennessee,2025,11,5131.1123
Tennessee,2025,12,5713.122
Texas,2022,1,5729.008
Texas,2022,2,4226.9683
Texas,2022,3,4506.446
Texas,2022,4,6723.5376
Texas,2022,5,7291.496
Texas,2022,6,2806.2363
Texas,2022,7,2891.5671
Texas,2022,8,6411.789
Texas,2022,9,7424.3447
Texas,2022,10,4513.463
Texas,2022,11,5823.4995
Texas,2022,12,7132.852
Texas,2023,1,4383.984
Texas,2023,2,6532.779
Texas,2023,3,6905.396
Texas,2023,4,5757.1294
Texas,2023,5,2760.5496
Texas,2023,6,4506.446
Texas,2023,7,6520.8384
Texas,2023,8,5690.1685
Texas,2023,9,8156.717
Texas,2023,10,2633.6035
Texas,2023,11,4160.3413
Texas,2023,12,6848.053
Texas,2024,1,2709.9204
Texas,2024,2,2709.9204
Texas,2024,3,2541.6677
Texas,2024,4,2541.6677
Texas,2024,5,2541.6677
Texas,2024,6,2474.8472
Texas,2024,7,2474.8472
Texas,2024,8,2474.8472
Texas,2024,9,2426.5447
Texas,2024,10,2426.5447
Texas,2024,11,2426.5447
Texas,2024,12,2709.9204
Texas,2025,1,2709.9204
Texas,2025,2,2709.9204
Texas,2025,3,2541.6677
Texas,2025,4,2541.6677
Texas,2025,5,2541.6677
Texas,2025,6,2474.8472
Texas,2025,7,2474.8472
Texas,2025,8,2474.8472
Texas,2025,9,2426.5447
Texas,2025,10,2426.5447
Texas,2025,11,2426.5447
Texas,2025,12,2709.9204
Utah,2022,1,503.64517
Utah,2022,2,2951.9924
Utah,2022,3,691.4104
Utah,2022,4,1111.1981
Utah,2022,5,1451.954
Utah,2022,6,824.13434
Utah,2022,7,1896.9896
Utah,2022,8,1469.0148
Utah,2022,9,760.8847
Utah,2022,10,2056.1267
Utah,2022,11,3956.8972
Utah,2022,12,1414.8759
Utah,2023,1,2554.7036
Utah,2023,2,600.07666
Utah,2023,3,3234.2349
Utah,2023,4,878.24176
Utah,2023,5,1026.7844
Utah,2023,6,654.6236
Utah,2023,7,2823.55
Utah,2023,8,1516.6482
Utah,2023,9,1103.7087
Utah,2023,10,500.7998
Utah,2023,11,881.68634
Utah,2023,12,3838.96
Utah,2024,1,871.41095
Utah,2024,2,871.41095
Utah,2024,3,838.0896
Utah,2024,4,838.0896
Utah,2024,5,838.0896
Utah,2024,6,835.65454
Utah,2024,7,835.65454
Utah,2024,8,835.65454
Utah,2024,9,838.0896
Utah,2024,10,838.0896
Utah,2024,11,838.0896
Utah,2024,12,871.41095
Utah,2025,1,871.41095
Utah,2025,2,871.41095
Utah,2025,3,838.0896
Utah,2025,4,838.0896
Utah,2025,5,838.0896
Utah,2025,6,835.65454
Utah,2025,7,835.65454
Utah,2025,8,835.65454
Utah,2025,9,838.0896
Utah,2025,10,838.0896
Utah,2025,11,838.0896
Utah,2025,12,871.41095
Vermont,2022,1,8880.143
Vermont,2022,2,8854.102
Vermont,2022,3,13055.244
Vermont,2022,4,29587.8
Vermont,2022,5,11880.007
Vermont,2022,6,10673.079
Vermont,2022,7,13140.206
Vermont,2022,8,10790.751
Vermont,2022,9,12519.969
Vermont,2022,10,4796.762
Vermont,2022,11,8586.604
Vermont,2022,12,6840.371
Vermont,2023,1,6624.287
Vermont,2023,2,20101.229
Vermont,2023,3,17258.945
Vermont,2023,4,5051.4453
Vermont,2023,5,12625.709
Vermont,2023,6,8832.487
Vermont,2023,7,29375.102
Vermont,2023,8,9236.155
Vermont,2023,9,6800.421
Vermont,2023,10,4796.762
Vermont,2023,11,8848.788
Vermont,2023,12,6840.371
Vermont,2024,1,14208.285
Vermont,2024,2,14208.285
Vermont,2024,3,12870.782
Vermont,2024,4,12870.782
Vermont,2024,5,12870.782
Vermont,2024,6,16609.154
Vermont,2024,7,16609.154
Vermont,2024,8,16609.154
Vermont,2024,9,13265.787
Vermont,2024,10,13265.787
Vermont,2024,11,13265.787
Vermont,2024,12,14208.285
Vermont,2025,1,14208.285
Vermont,2025,2,14208.285
Vermont,2025,3,12870.782
Vermont,2025,4,12870.782
Vermont,2025,5,12870.782
Vermont,2025,6,16609.154
Vermont,2025,7,16609.154
Vermont,2025,8,16609.154
Vermont,2025,9,13265.787
Vermont,2025,10,13265.787
Vermont,2025,11,13265.787
Vermont,2025,12,14208.285
Virginia,2022,1,8880.143
Virginia,2022,2,8854.102
Virginia,2022,3,13055.244
Virginia,2022,4,29587.8
Virginia,2022,5,11880.007
Virginia,2022,6,10673.079
Virginia,2022,7,13140.206
Virginia,2022,8,10790.751
Virginia,2022,9,12519.969
Virginia,2022,10,4796.762
Virginia,2022,11,8586.604
Virginia,2022,12,6840.371
Virginia,2023,1,6624.287
Virginia,2023,2,20101.229
Virginia,2023,3,17258.945
Virginia,2023,4,5051.4453
Virginia,2023,5,12625.709
Virginia,2023,6,8832.487
Virginia,2023,7,29375.102
Virginia,2023,8,9236.155
Virginia,2023,9,6800.421
Virginia,2023,10,4796.762
Virginia,2023,11,8848.788
Virginia,2023,12,6840.371
Virginia,2024,1,11014.816
Virginia,2024,2,11014.816
Virginia,2024,3,9572.296
Virginia,2024,4,9572.296
Virginia,2024,5,9572.296
Virginia,2024,6,11245.145
Virginia,2024,7,11245.145
Virginia,2024,8,11245.145
Virginia,2024,9,9611.225
Virginia,2024,10,9611.225
Virginia,2024,11,9611.225
Virginia,2024,12,11014.816
Virginia,2025,1,11014.816
Virginia,2025,2,11014.816
Virginia,2025,3,9572.296
Virginia,2025,4,9572.296
Virginia,2025,5,9572.296
Virginia,2025,6,11245.145
Virginia,2025,7,11245.145
Virginia,2025,8,11245.145
Virginia,2025,9,9611.225
Virginia,2025,10,9611.225
Virginia,2025,11,9611.225
Virginia,2025,12,11014.816
Washington,2022,1,503.64517
Washington,2022,2,2951.9924
Washington,2022,3,691.4104
Washington,2022,4,1111.1981
Washington,2022,5,1451.954
Washington,2022,6,824.13434
Washington,2022,7,1896.9896
Washington,2022,8,1469.0148
Washington,2022,9,760.8847
Washington,2022,10,2056.1267
Washington,2022,11,3956.8972
Washington,2022,12,1414.8759
Washington,2023,1,2554.7036
Washington,2023,2,600.07666
Washington,2023,3,3234.2349
Washington,2023,4,878.24176
Washington,2023,5,1026.7844
Washington,2023,6,654.6236
Washington,2023,7,2823.55
Washington,2023,8,1516.6482
Washington,2023,9,1103.7087
Washington,2023,10,500.7998
Washington,2023,11,881.68634
Washington,2023,12,3838.96
Washington,2024,1,748.7114
Washington,2024,2,748.7114
Washington,2024,3,769.53546
Washington,2024,4,769.53546
Washington,2024,5,769.53546
Washington,2024,6,1129.7686
Washington,2024,7,1129.7686
Washington,2024,8,1129.7686
Washington,2024,9,814.4505
Washington,2024,10,814.4505
Washington,2024,11,814.4505
Washington,2024,12,748.7114
Washington,2025,1,748.7114
Washington,2025,2,748.7114
Washington,2025,3,769.53546
Washington,2025,4,769.53546
Washington,2025,5,769.53546
Washington,2025,6,1129.7686
Washington,2025,7,1129.7686
Washington,2025,8,1129.7686
Washington,2025,9,814.4505
Washington,2025,10,814.4505
Washington,2025,11,814.4505
Washington,2025,12,748.7114
West Virginia,2022,1,503.64517
West Virginia,2022,2,2951.9924
West Virginia,2022,3,691.4104
West Virginia,2022,4,1111.1981
West Virginia,2022,5,1451.954
West Virginia,2022,6,824.13434
West Virginia,2022,7,1896.9896
West Virginia,2022,8,1469.0148
West Virginia,2022,9,760.8847
West Virginia,2022,10,2056.1267
West Virginia,2022,11,3956.8972
West Virginia,2022,12,1414.8759
West Virginia,2023,1,2554.7036
West Virginia,2023,2,600.07666
West Virginia,2023,3,3234.2349
West Virginia,2023,4,878.24176
West Virginia,2023,5,1026.7844
West Virginia,2023,6,654.6236
West Virginia,2023,7,2823.55
West Virginia,2023,8,1516.6482
West Virginia,2023,9,1103.7087
West Virginia,2023,10,500.7998
West Virginia,2023,11,881.68634
West Virginia,2023,12,3838.96
West Virginia,2024,1,1794.1786
West Virginia,2024,2,1794.1786
West Virginia,2024,3,1658.4901
West Virginia,2024,4,1658.4901
West Virginia,2024,5,1658.4901
West Virginia,2024,6,1696.0802
West Virginia,2024,7,1696.0802
West Virginia,2024,8,1696.0802
West Virginia,2024,9,1646.3708
West Virginia,2024,10,1646.3708
West Virginia,2024,11,1646.3708
West Virginia,2024,12,1794.1786
West Virginia,2025,1,1794.1786
West Virginia,2025,2,1794.1786
West Virginia,2025,3,1658.4901
West Virginia,2025,4,1658.4901
West Virginia,2025,5,1658.4901
West Virginia,2025,6,1696.0802
West Virginia,2025,7,1696.0802
West Virginia,2025,8,1696.0802
West Virginia,2025,9,1646.3708
West Virginia,2025,10,1646.3708
West Virginia,2025,11,1646.3708
West Virginia,2025,12,1794.1786
Wisconsin,2022,1,8880.143
Wisconsin,2022,2,8854.102
Wisconsin,2022,3,13055.244
Wisconsin,2022,4,29587.8
Wisconsin,2022,5,11880.007
Wisconsin,2022,6,10673.079
Wisconsin,2022,7,13140.206
Wisconsin,2022,8,10790.751
Wisconsin,2022,9,12519.969
Wisconsin,2022,10,4796.762
Wisconsin,2022,11,8586.604
Wisconsin,2022,12,6840.371
Wisconsin,2023,1,6624.287
Wisconsin,2023,2,20101.229
Wisconsin,2023,3,17258.945
Wisconsin,2023,4,5051.4453
Wisconsin,2023,5,12625.709
Wisconsin,2023,6,8832.487
Wisconsin,2023,7,29375.102
Wisconsin,2023,8,9236.155
Wisconsin,2023,9,6800.421
Wisconsin,2023,10,4796.762
Wisconsin,2023,11,8848.788
Wisconsin,2023,12,6840.371
Wisconsin,2024,1,12039.292
Wisconsin,2024,2,12039.292
Wisconsin,2024,3,11144.337
Wisconsin,2024,4,11144.337
Wisconsin,2024,5,11144.337
Wisconsin,2024,6,11962.097
Wisconsin,2024,7,11962.097
Wisconsin,2024,8,11962.097
Wisconsin,2024,9,11027.782
Wisconsin,2024,10,11027.782
Wisconsin,2024,11,11027.782
Wisconsin,2024,12,12039.292
Wisconsin,2025,1,12039.292
Wisconsin,2025,2,12039.292
Wisconsin,2025,3,11144.337
Wisconsin,2025,4,11144.337
Wisconsin,2025,5,11144.337
Wisconsin,2025,6,11962.097
Wisconsin,2025,7,11962.097
Wisconsin,2025,8,11962.097
Wisconsin,2025,9,11027.782
Wisconsin,2025,10,11027.782
Wisconsin,2025,11,11027.782
Wisconsin,2025,12,12039.292
Wyoming,2022,1,5729.008
Wyoming,2022,2,4226.9683
Wyoming,2022,3,4506.446
Wyoming,2022,4,6723.5376
Wyoming,2022,5,7291.496
Wyoming,2022,6,2806.2363
Wyoming,2022,7,2891.5671
Wyoming,2022,8,6411.789
Wyoming,2022,9,7424.3447
Wyoming,2022,10,4513.463
Wyoming,2022,11,5823.4995
Wyoming,2022,12,7132.852
Wyoming,2023,1,4383.984
Wyoming,2023,2,6532.779
Wyoming,2023,3,6905.396
Wyoming,2023,4,5757.1294
Wyoming,2023,5,2760.5496
Wyoming,2023,6,4506.446
Wyoming,2023,7,6520.8384
Wyoming,2023,8,5690.1685
Wyoming,2023,9,8156.717
Wyoming,2023,10,2633.6035
Wyoming,2023,11,4160.3413
Wyoming,2023,12,6848.053
Wyoming,2024,1,7429.119
Wyoming,2024,2,7429.119
Wyoming,2024,3,6676.221
Wyoming,2024,4,6676.221
Wyoming,2024,5,6676.221
Wyoming,2024,6,7169.5317
Wyoming,2024,7,7169.5317
Wyoming,2024,8,7169.5317
Wyoming,2024,9,6648.3403
Wyoming,2024,10,6648.3403
Wyoming,2024,11,6648.3403
Wyoming,2024,12,7429.119
Wyoming,2025,1,7278.3447
Wyoming,2025,2,7278.3447
Wyoming,2025,3,6525.447
Wyoming,2025,4,6525.447
Wyoming,2025,5,6525.447
Wyoming,2025,6,7018.967
Wyoming,2025,7,7018.967
Wyoming,2025,8,7018.967
Wyoming,2025,9,6497.566
Wyoming,2025,10,6497.566
Wyoming,2025,11,6497.566
Wyoming,2025,12,7278.3447
